data_dir,file_count,size_bytes,size_gib,newest_modified_utc
data/(root files),513,1667422386,1.553,2026-09-12T00:27:44.978072+00:00
data/btc5m90_v001,7,7937164,0.007,2026-09-07T15:58:52.711583+00:00
data/btc5m90_v002,8,29263210,0.027,2026-09-12T00:26:57.591024+00:00
data/btc5m90_v002_confirmatory,5,4655281,0.004,2026-09-08T15:50:49.865512+00:00
data/btc5m90_v003,6,152253078,0.142,2026-09-09T17:07:00.577023+00:00
data/car_forensics,16,372067212,0.347,2026-09-11T00:10:10.663195+00:00
data/climate_live_v002,14,28825581,0.027,2026-09-03T16:40:55.565384+00:00
data/climate_manual_strategy_v001,10,555748,0.001,2026-09-03T16:11:10.232829+00:00
data/climate_realistic_backtest_v003,19,6269873,0.006,2026-09-03T17:22:13.523240+00:00
data/climate_research_v001,603,1463825550,1.363,2026-09-02T06:06:05.738593+00:00
data/e46m3_forensics,17,1452743602,1.353,2026-09-11T01:15:26.882095+00:00
data/elon_post_count_v001,153,91239360,0.085,2026-09-01T23:09:30.828229+00:00
data/evidence_pack_manifests,4,26474,0.0,2026-08-14T19:06:49.973958+00:00
data/github_forensics_20260911,2166,355070471,0.331,2026-09-11T17:48:55.096757+00:00
data/love_u_4ever_research,11,3273236,0.003,2026-09-11T16:40:46.081224+00:00
data/polyledger,16,4082865419,3.802,2026-09-11T00:35:43.374587+00:00
data/reward_mm_shadow_v001,17,159341963,0.148,2026-09-04T14:57:27.581761+00:00
data/sports_wallet_research_v001,3504,2265221260,2.11,2026-09-01T16:13:48.887682+00:00
data/v031_invalid_attempt_20260824T222921Z_network_permission,5,173078,0.0,2026-08-24T22:36:19.440511+00:00
