path,category,extension,size_bytes,modified_utc
.env.example,project_configuration,.example,458,2026-07-27T23:01:55+00:00
.gitattributes,project_configuration,(none),252,2026-09-12T00:14:15.235521+00:00
.gitignore,project_configuration,(none),755,2026-09-12T00:26:20.773237+00:00
02_download_metadata.py,python_entrypoint_or_tool,.py,86,2026-09-10T19:50:23.609535+00:00
03_index_onchain.py,python_entrypoint_or_tool,.py,85,2026-09-10T19:40:13.158710+00:00
10_e46m3_shadow_wallet_tracker.py,runtime_entrypoint,.py,327,2026-09-11T01:14:16.708233+00:00
10_shadow_wallet_tracker.py,runtime_entrypoint,.py,91,2026-09-10T20:14:09.311618+00:00
actualizar_backtest_clima_v002.bat,windows_operations,.bat,318,2026-09-03T16:34:03.477816+00:00
ACTUALIZAR_DESDE_FASE1.md,documentation_or_report,.md,897,2026-07-28T16:14:49+00:00
actualizar_scanner_recompensas.bat,windows_operations,.bat,222,2026-09-03T23:20:55.179669+00:00
actualizar_senal_clima.bat,windows_operations,.bat,251,2026-09-03T16:40:40.998494+00:00
analizar_historico_chainlink.py,analysis_entrypoint,.py,2164,2026-08-08T18:07:10.120892+00:00
analizar_perfil_retrovalix.py,analysis_entrypoint,.py,13467,2026-08-14T18:15:34.313918+00:00
analizar_resultados_actuales_24h.py,analysis_entrypoint,.py,6761,2026-08-14T15:57:40.953120+00:00
analizar_v097_multihorizon.py,analysis_entrypoint,.py,20897,2026-08-10T21:38:03.547517+00:00
auditar_nagi777_24h.py,analysis_entrypoint,.py,3223,2026-08-14T18:57:56.657388+00:00
auditoria_fase2_completa.txt,documentation_or_report,.txt,13120,2026-07-28T15:45:06.129101+00:00
auditoria_fase2_piloto.txt,documentation_or_report,.txt,9522,2026-07-28T03:29:51.592021+00:00
auditoria_fase3_gold.txt,documentation_or_report,.txt,5441,2026-07-28T16:08:24.584224+00:00
auditoria_fase3_gold_v2.txt,documentation_or_report,.txt,6372,2026-07-28T16:26:36.476387+00:00
auditoria_fase4_modelos.txt,documentation_or_report,.txt,507218,2026-07-28T17:36:03.760803+00:00
auditoria_forward_7_dias.txt,documentation_or_report,.txt,12639,2026-08-06T02:45:14.392530+00:00
auditoria_forward_twap_transfer_v094a_7_dias.txt,documentation_or_report,.txt,7527,2026-08-17T03:43:39.462851+00:00
benchmark_v095_market_anchored.py,python_entrypoint_or_tool,.py,11820,2026-08-10T21:08:12.841998+00:00
btc5m90_v001.py,python_entrypoint_or_tool,.py,2348,2026-09-07T15:39:28.375654+00:00
btc5m90_v002.py,python_entrypoint_or_tool,.py,1323,2026-09-07T16:41:52.815251+00:00
btc5m90_v002_confirmatory.py,python_entrypoint_or_tool,.py,1770,2026-09-08T02:13:13.850273+00:00
btc5m90_v002_shadow.py,runtime_entrypoint,.py,1666,2026-09-07T17:29:12.808513+00:00
btc5m90_v003_audit.py,analysis_entrypoint,.py,862,2026-09-09T16:40:13.424927+00:00
btc5m90_v003_shadow.py,runtime_entrypoint,.py,1679,2026-09-08T16:04:25.996706+00:00
calibrar_v011_event_driven.py,python_entrypoint_or_tool,.py,19062,2026-08-11T01:46:49.579235+00:00
calibrar_v012_execution_ev.py,python_entrypoint_or_tool,.py,10598,2026-08-11T23:19:20.750756+00:00
car_forensics_v001.py,python_entrypoint_or_tool,.py,86,2026-09-10T20:10:41.551906+00:00
CHANGELOG.md,documentation_or_report,.md,768,2026-09-12T00:29:48.914277+00:00
climate_final_report_v001.py,analysis_entrypoint,.py,111,2026-09-02T06:04:24.130585+00:00
climate_live_v002.py,python_entrypoint_or_tool,.py,108,2026-09-03T16:24:31.387759+00:00
climate_manual_strategy_v001.py,python_entrypoint_or_tool,.py,114,2026-09-03T16:02:53.083353+00:00
climate_manual_ticket_v001.py,python_entrypoint_or_tool,.py,112,2026-09-03T16:10:56.285193+00:00
climate_realistic_backtest_v003.py,python_entrypoint_or_tool,.py,117,2026-09-03T17:13:38.967488+00:00
climate_research_v001.py,python_entrypoint_or_tool,.py,107,2026-09-02T00:12:32.129976+00:00
climate_shadow_monitor_v001.py,runtime_entrypoint,.py,113,2026-09-02T06:40:40.002282+00:00
combined_shadow_close_v001.py,runtime_entrypoint,.py,112,2026-09-02T06:45:47.527071+00:00
configurar_windows.bat,windows_operations,.bat,219,2026-07-27T23:01:12+00:00
confirmation_v097.py,python_entrypoint_or_tool,.py,17399,2026-08-10T21:47:32.573848+00:00
contar_forward100_v011.py,python_entrypoint_or_tool,.py,1500,2026-08-11T01:56:14.265341+00:00
corregir_dataset_gold_fase3.bat,windows_operations,.bat,2990,2026-07-28T16:14:09+00:00
crear_dataset_gold_fase3.bat,windows_operations,.bat,426,2026-07-28T16:16:01+00:00
crear_evidence_packs_retrovalix.py,python_entrypoint_or_tool,.py,1830,2026-08-14T18:44:37.547114+00:00
crear_piloto_fase2.bat,windows_operations,.bat,3228,2026-07-28T03:22:53+00:00
detener_climate_shadow.bat,windows_operations,.bat,156,2026-09-02T06:40:45.329032+00:00
detener_elon_shadow.bat,windows_operations,.bat,218,2026-09-01T23:38:16.024481+00:00
detener_monitoreo_clima_v002.bat,windows_operations,.bat,90,2026-09-03T16:24:34.829553+00:00
detener_supervisor_quantbot.bat,windows_operations,.bat,157,2026-08-13T14:35:14.817363+00:00
e46m3_deep_analysis_v001.py,python_entrypoint_or_tool,.py,92,2026-09-11T00:57:17.239816+00:00
e46m3_forensics_v001.py,python_entrypoint_or_tool,.py,726,2026-09-11T00:57:15.885461+00:00
ejecutar_backtest_clima_realista.bat,windows_operations,.bat,198,2026-09-03T17:13:40.232105+00:00
ejecutar_fase4_modelos.bat,windows_operations,.bat,3279,2026-07-28T16:42:19+00:00
ejecutar_polyledger_sentinel.bat,windows_operations,.bat,705,2026-09-10T03:55:17.683452+00:00
elon_post_count_research_v001.py,python_entrypoint_or_tool,.py,115,2026-09-01T22:54:51.844361+00:00
elon_shadow_monitor_v001.py,runtime_entrypoint,.py,110,2026-09-01T23:37:41.524966+00:00
estado_general.py,python_entrypoint_or_tool,.py,11660,2026-08-14T16:00:24.386936+00:00
evaluar_v011_event_driven.py,analysis_entrypoint,.py,22552,2026-08-11T01:51:04.072709+00:00
evaluar_v012_development.py,analysis_entrypoint,.py,11569,2026-08-11T23:22:23.368611+00:00
evaluar_v012_forward100.py,analysis_entrypoint,.py,10649,2026-08-11T23:26:29.324256+00:00
evaluar_v018.py,analysis_entrypoint,.py,874,2026-08-16T01:05:17.845602+00:00
evaluar_v019.py,analysis_entrypoint,.py,874,2026-08-17T03:07:10.801085+00:00
execution_collector_v012.py,runtime_entrypoint,.py,24863,2026-08-12T18:00:22.911254+00:00
experiment_finalizer.py,python_entrypoint_or_tool,.py,566,2026-08-13T15:24:25.139330+00:00
exportar_muestra_72h.bat,windows_operations,.bat,1661,2026-07-27T23:01:12+00:00
forward100_v011.py,python_entrypoint_or_tool,.py,7180,2026-08-11T15:00:52.576782+00:00
forward_v097.py,python_entrypoint_or_tool,.py,18248,2026-08-10T21:43:25.574011+00:00
iniciar_climate_shadow_hasta_1949.bat,windows_operations,.bat,512,2026-09-02T06:40:42.629257+00:00
iniciar_elon_shadow_24h.bat,windows_operations,.bat,431,2026-09-01T23:38:12.995584+00:00
iniciar_forward_acelerado_v094.bat,windows_operations,.bat,1567,2026-08-10T00:36:54+00:00
iniciar_forward_acelerado_v094a.bat,windows_operations,.bat,1493,2026-08-09T23:59:43+00:00
iniciar_forward_twap_transfer_7_dias_v093.bat,windows_operations,.bat,2359,2026-08-08T23:43:06+00:00
iniciar_forward_twap_transfer_v094a_7_dias.bat,windows_operations,.bat,2506,2026-08-09T23:59:27+00:00
iniciar_monitoreo_clima_v002_24h.bat,windows_operations,.bat,119,2026-09-03T16:24:33.665664+00:00
iniciar_prueba_tecnica_fase42_v091.bat,windows_operations,.bat,1440,2026-08-08T02:01:30+00:00
iniciar_prueba_twap_transfer_v093_15min.bat,windows_operations,.bat,1528,2026-08-08T23:43:06+00:00
iniciar_shadow_forward_7_dias.bat,windows_operations,.bat,4106,2026-07-28T17:55:48+00:00
iniciar_shadow_recompensas_24h.bat,windows_operations,.bat,364,2026-09-04T00:04:54.624069+00:00
iniciar_supervisor_quantbot.bat,windows_operations,.bat,354,2026-08-13T14:33:46.788629+00:00
instalar_supervisor_windows.ps1,windows_operations,.ps1,1915,2026-08-13T15:48:16.920379+00:00
instalar_windows.bat,windows_operations,.bat,955,2026-07-28T17:50:57+00:00
investigar_v016_inventory_rotation.py,python_entrypoint_or_tool,.py,110,2026-08-14T16:30:05.061539+00:00
manage_bots.py,python_entrypoint_or_tool,.py,108,2026-09-12T00:16:22.859161+00:00
monitor_edges_bajos_futuro_v094a.py,runtime_entrypoint,.py,21306,2026-08-10T03:07:57.401630+00:00
monitor_forward_acelerado_v094.py,runtime_entrypoint,.py,20266,2026-08-10T00:36:54+00:00
monitor_forward_acelerado_v094a.py,runtime_entrypoint,.py,20282,2026-08-09T23:59:27+00:00
NO_INICIAR_FORWARD_7_DIAS_AUN.txt,documentation_or_report,.txt,547,2026-08-08T23:43:18+00:00
paper_trader_v013.py,runtime_entrypoint,.py,8721,2026-08-12T18:18:07.798784+00:00
paper_trader_v014.py,runtime_entrypoint,.py,6354,2026-08-12T22:45:19.514673+00:00
paper_trader_v015.py,runtime_entrypoint,.py,5813,2026-08-13T15:22:27.074458+00:00
parche_v012_reintentos_http.py,python_entrypoint_or_tool,.py,3155,2026-08-12T17:59:27.453823+00:00
parche_v012_tick_dinamico.py,python_entrypoint_or_tool,.py,2174,2026-08-12T17:04:43.627945+00:00
polyledger_sentinel_v001.py,runtime_entrypoint,.py,84,2026-09-10T03:55:16.271249+00:00
postmortem_v011_forward100.py,analysis_entrypoint,.py,12591,2026-08-11T15:04:56.419381+00:00
preparar_v017_hedge_completion.py,python_entrypoint_or_tool,.py,108,2026-08-14T16:42:35.067661+00:00
prepare_v010_microstructure.py,python_entrypoint_or_tool,.py,26088,2026-08-11T01:40:10.949683+00:00
prepare_v098_direct_pnl.py,python_entrypoint_or_tool,.py,13940,2026-08-11T01:21:08.950116+00:00
prepare_v099_meta_label.py,python_entrypoint_or_tool,.py,23629,2026-08-11T01:28:36.472041+00:00
probar_fuentes_2_horas.bat,windows_operations,.bat,318,2026-07-28T16:14:55+00:00
probar_rtds_twap.bat,windows_operations,.bat,516,2026-08-07T21:25:34+00:00
probar_rtds_twap.py,python_entrypoint_or_tool,.py,3892,2026-08-07T21:25:27+00:00
probar_rtds_twap_oficial.bat,windows_operations,.bat,711,2026-08-08T01:37:50+00:00
probar_rtds_twap_oficial.py,python_entrypoint_or_tool,.py,4857,2026-08-08T01:37:50+00:00
procesar_dataset_completo_fase2.bat,windows_operations,.bat,4682,2026-07-28T03:40:10+00:00
PROTOCOLO_ACELERADO_V093.txt,documentation_or_report,.txt,2388,2026-08-08T23:42:38+00:00
PROTOCOLO_ACELERADO_V094.txt,documentation_or_report,.txt,1981,2026-08-10T00:36:54+00:00
PROTOCOLO_V014.md,documentation_or_report,.md,1222,2026-08-12T22:51:00.828869+00:00
pyproject.toml,project_configuration,.toml,937,2026-09-12T00:14:16.469222+00:00
README.md,documentation_or_report,.md,12494,2026-09-12T00:29:47.654646+00:00
reanudar_v018_paper.bat,windows_operations,.bat,111,2026-08-14T19:34:14.291102+00:00
reanudar_v019_paper.bat,windows_operations,.bat,114,2026-08-16T02:22:14.669397+00:00
reanudar_v020_paper.bat,windows_operations,.bat,114,2026-08-17T03:27:59.980766+00:00
reanudar_v022_observer.bat,windows_operations,.bat,114,2026-08-19T05:05:14.366584+00:00
reanudar_v022b_8h.bat,windows_operations,.bat,114,2026-08-19T05:05:16.037398+00:00
reward_mm_shadow.py,runtime_entrypoint,.py,107,2026-09-03T23:20:53.821307+00:00
robustness_v097.py,python_entrypoint_or_tool,.py,18076,2026-08-10T21:51:34.057489+00:00
screen_v096.py,python_entrypoint_or_tool,.py,27404,2026-08-10T21:30:54.718916+00:00
sports_final_report_v001.py,analysis_entrypoint,.py,701,2026-09-01T16:07:23.287451+00:00
sports_wallet_research_v001.py,python_entrypoint_or_tool,.py,2293,2026-08-31T17:14:26.125904+00:00
supervisor_quantbot.py,python_entrypoint_or_tool,.py,83,2026-08-13T14:28:54.627296+00:00
v012_auto_pipeline.py,python_entrypoint_or_tool,.py,3350,2026-08-11T23:29:48.917993+00:00
v013_monitor.py,runtime_entrypoint,.py,14104,2026-08-12T17:26:36.516998+00:00
v014_monitor.py,runtime_entrypoint,.py,20620,2026-08-12T22:47:37.743597+00:00
v015_monitor.py,runtime_entrypoint,.py,1136,2026-08-13T15:21:25.433097+00:00
v018_paper.py,runtime_entrypoint,.py,1679,2026-08-14T19:22:14.598450+00:00
v019_paper.py,runtime_entrypoint,.py,1717,2026-08-16T02:22:14.664410+00:00
v020_paper.py,runtime_entrypoint,.py,1597,2026-08-17T03:27:59.976777+00:00
v021_monitor.py,runtime_entrypoint,.py,1984,2026-08-18T04:17:11.266820+00:00
v022_monitor.py,runtime_entrypoint,.py,2113,2026-08-19T04:43:10.195563+00:00
v022b_monitor.py,runtime_entrypoint,.py,2165,2026-08-19T05:02:31.342598+00:00
v023_monitor.py,runtime_entrypoint,.py,2670,2026-08-19T14:29:34.095509+00:00
v024_monitor.py,runtime_entrypoint,.py,2755,2026-08-19T18:55:15.839575+00:00
v024_postmortem.py,analysis_entrypoint,.py,1147,2026-08-19T23:29:25.960030+00:00
v024_structural_check.py,python_entrypoint_or_tool,.py,997,2026-08-19T23:32:26.569564+00:00
v025_monitor.py,runtime_entrypoint,.py,3153,2026-08-19T23:46:01.190732+00:00
v026_diagnostic.py,python_entrypoint_or_tool,.py,756,2026-08-20T13:28:10.425562+00:00
v026_monitor.py,runtime_entrypoint,.py,3144,2026-08-20T15:39:23.275981+00:00
v026b_monitor.py,runtime_entrypoint,.py,3077,2026-08-20T16:01:37.979878+00:00
v027_monitor.py,runtime_entrypoint,.py,3209,2026-08-21T19:39:09.820149+00:00
v027_postmortem_report.py,analysis_entrypoint,.py,823,2026-08-23T01:48:03.574381+00:00
v027_x_profile_express.py,python_entrypoint_or_tool,.py,1212,2026-08-21T18:37:56.218318+00:00
v028_monitor.py,runtime_entrypoint,.py,3213,2026-08-23T02:09:21.657970+00:00
v028_postmortem_report.py,analysis_entrypoint,.py,824,2026-08-23T20:32:04.574414+00:00
v028_prepare.py,python_entrypoint_or_tool,.py,1595,2026-08-23T01:58:35.403207+00:00
v029_monitor.py,runtime_entrypoint,.py,3222,2026-08-23T20:45:30.808213+00:00
v029_postmortem_report.py,analysis_entrypoint,.py,838,2026-08-24T21:45:50.523908+00:00
v029_prepare.py,python_entrypoint_or_tool,.py,1602,2026-08-23T20:35:38.765758+00:00
v030_development_report.py,analysis_entrypoint,.py,1764,2026-08-24T22:00:55.591625+00:00
v031_data_readiness_report.py,analysis_entrypoint,.py,747,2026-08-24T22:07:41.669637+00:00
v031_monitor.py,runtime_entrypoint,.py,3294,2026-08-24T22:19:25.235928+00:00
v031_prepare.py,python_entrypoint_or_tool,.py,693,2026-08-24T22:12:20.398873+00:00
v031_quality_reaudit_report.py,analysis_entrypoint,.py,2904,2026-08-24T23:49:39.859506+00:00
v032_exit_safety_report.py,analysis_entrypoint,.py,3121,2026-08-25T00:13:13.902924+00:00
v033_monitor.py,runtime_entrypoint,.py,3747,2026-08-25T16:18:48.205509+00:00
v034_guard_design_report.py,analysis_entrypoint,.py,732,2026-08-25T21:02:17.155052+00:00
v034_monitor.py,runtime_entrypoint,.py,3540,2026-08-25T21:10:50.863559+00:00
v034_selected_bid_design_report.py,analysis_entrypoint,.py,758,2026-08-25T21:03:51.770315+00:00
v035_monitor.py,runtime_entrypoint,.py,3710,2026-08-26T02:18:23.070792+00:00
v035_temporal_cutoff_design_report.py,analysis_entrypoint,.py,767,2026-08-26T02:09:49.225755+00:00
v036_absolute_exit_design_report.py,analysis_entrypoint,.py,779,2026-08-26T03:35:32.475855+00:00
v036_monitor.py,runtime_entrypoint,.py,3553,2026-08-26T03:41:37.956771+00:00
v037_clob_recovery_design_report.py,analysis_entrypoint,.py,755,2026-08-26T17:31:36.585403+00:00
v037_monitor.py,runtime_entrypoint,.py,3693,2026-08-26T17:39:47.133476+00:00
v038_monitor.py,runtime_entrypoint,.py,3763,2026-08-26T22:16:10.765652+00:00
v038_recovery_budget_design_report.py,analysis_entrypoint,.py,672,2026-08-26T22:06:33.109064+00:00
v039_monitor.py,runtime_entrypoint,.py,3689,2026-08-27T13:47:46.308741+00:00
v039_validated_peer_design_report.py,analysis_entrypoint,.py,743,2026-08-27T13:39:11.905487+00:00
v040_monitor.py,runtime_entrypoint,.py,3692,2026-08-27T21:42:23.079479+00:00
v041_monitor.py,runtime_entrypoint,.py,4036,2026-08-28T14:37:35.024697+00:00
v042_monitor.py,runtime_entrypoint,.py,4111,2026-08-28T18:56:52.689267+00:00
v043_monitor.py,runtime_entrypoint,.py,3229,2026-08-28T23:57:41.963237+00:00
v044_monitor.py,runtime_entrypoint,.py,1894,2026-08-29T00:31:29.721211+00:00
v045_monitor.py,runtime_entrypoint,.py,1959,2026-08-29T00:43:44.781989+00:00
v046_monitor.py,runtime_entrypoint,.py,2012,2026-08-29T01:30:47.274800+00:00
v047_monitor.py,runtime_entrypoint,.py,2002,2026-08-29T01:46:58.932500+00:00
v048_monitor.py,runtime_entrypoint,.py,2030,2026-08-29T02:28:57.047311+00:00
v049_monitor.py,runtime_entrypoint,.py,2090,2026-08-29T17:44:15.159132+00:00
v050_monitor.py,runtime_entrypoint,.py,2347,2026-08-29T18:04:52.390996+00:00
v051_monitor.py,runtime_entrypoint,.py,2361,2026-08-29T18:23:31.921497+00:00
v051b_monitor.py,runtime_entrypoint,.py,2366,2026-08-29T18:29:41.725945+00:00
v052_monitor.py,runtime_entrypoint,.py,3568,2026-08-29T18:42:52.297258+00:00
v053_monitor.py,runtime_entrypoint,.py,3721,2026-08-29T19:06:39.383738+00:00
v054_monitor.py,runtime_entrypoint,.py,2300,2026-08-30T16:42:08.366937+00:00
v054b_monitor.py,runtime_entrypoint,.py,2243,2026-08-30T16:49:11.105396+00:00
v055_monitor.py,runtime_entrypoint,.py,2894,2026-08-30T17:01:21.570257+00:00
v055_phantom_bootstrap.py,python_entrypoint_or_tool,.py,21817,2026-08-30T18:36:51.252306+00:00
v056_monitor.py,runtime_entrypoint,.py,2916,2026-08-30T22:16:54.139087+00:00
v056_phantom_bootstrap.py,python_entrypoint_or_tool,.py,17914,2026-08-30T22:20:19.623769+00:00
v057_monitor.py,runtime_entrypoint,.py,2697,2026-09-09T16:56:08.762705+00:00
v057_phantom_bootstrap.py,python_entrypoint_or_tool,.py,4086,2026-09-09T16:56:10.600791+00:00
v058_monitor.py,runtime_entrypoint,.py,3088,2026-09-09T18:43:58.090510+00:00
v058_phantom_bootstrap.py,python_entrypoint_or_tool,.py,4055,2026-09-09T18:18:29.270608+00:00
v059_monitor.py,runtime_entrypoint,.py,2803,2026-09-09T23:03:59.181862+00:00
v059_phantom_bootstrap.py,python_entrypoint_or_tool,.py,4032,2026-09-09T23:04:01.036874+00:00
v060_monitor.py,runtime_entrypoint,.py,2791,2026-09-09T23:39:19.107349+00:00
v060_phantom_bootstrap.py,python_entrypoint_or_tool,.py,8739,2026-09-09T23:41:03.949747+00:00
v095_twap_contract_probe.py,python_entrypoint_or_tool,.py,1676,2026-08-21T19:23:49.729192+00:00
VALIDACION_FASE_4_2.txt,documentation_or_report,.txt,1675,2026-08-08T02:01:06+00:00
VALIDACION_V093.txt,documentation_or_report,.txt,1132,2026-08-08T23:43:40+00:00
VALIDACION_WATCHDOG_V094A.txt,documentation_or_report,.txt,1467,2026-08-09T23:59:27+00:00
ver_estado_climate_shadow.bat,windows_operations,.bat,158,2026-09-02T06:40:43.987622+00:00
ver_estado_elon_shadow.bat,windows_operations,.bat,152,2026-09-01T23:38:14.590318+00:00
ver_estado_general.bat,windows_operations,.bat,92,2026-08-13T15:26:22.071104+00:00
ver_estado_recompensas.bat,windows_operations,.bat,250,2026-09-04T00:04:55.894668+00:00
ver_estado_supervisor_quantbot.bat,windows_operations,.bat,106,2026-08-13T14:34:20.461422+00:00
ver_estado_v014.bat,windows_operations,.bat,518,2026-08-12T22:50:45.812636+00:00
ver_estado_v018.bat,windows_operations,.bat,110,2026-08-14T19:34:14.290104+00:00
ver_estado_v019.bat,windows_operations,.bat,110,2026-08-16T02:22:14.668401+00:00
ver_estado_v020.bat,windows_operations,.bat,110,2026-08-17T03:27:59.977773+00:00
ver_estado_v022.bat,windows_operations,.bat,113,2026-08-19T05:05:15.205914+00:00
ver_estado_v022b_8h.bat,windows_operations,.bat,113,2026-08-19T05:05:16.870559+00:00
ver_estado_watchdog_v094a.bat,windows_operations,.bat,600,2026-08-09T23:59:43+00:00
ver_forward_acelerado_v094.bat,windows_operations,.bat,266,2026-08-10T00:36:54+00:00
ver_progreso_fase42_v091.bat,windows_operations,.bat,266,2026-08-08T02:01:30+00:00
ver_progreso_shadow.bat,windows_operations,.bat,491,2026-07-28T17:50:57+00:00
ver_ticket_manual_clima.bat,windows_operations,.bat,86,2026-09-03T16:24:46.980860+00:00
